{
  "type": "FeatureCollection",
  "features": [
    {
      "type": "Feature",
      "properties": { "REGION": "NCR", "name": "National Capital Region" },
      "geometry": {
        "type": "Polygon",
        "coordinates": [[[120.90, 14.65], [121.10, 14.65], [121.10, 14.45], [120.90, 14.45], [120.90, 14.65]]]
      }
    },
    {
      "type": "Feature",
      "properties": { "REGION": "Region I", "name": "Ilocos Region" },
      "geometry": {
        "type": "Polygon",
        "coordinates": [[[119.8, 18.5], [121.0, 18.5], [121.0, 16.5], [119.8, 16.5], [119.8, 18.5]]]
      }
    },
    {
      "type": "Feature",
      "properties": { "REGION": "Region II", "name": "Cagayan Valley" },
      "geometry": {
        "type": "Polygon",
        "coordinates": [[[121.0, 18.5], [122.3, 18.5], [122.3, 16.0], [121.0, 16.0], [121.0, 18.5]]]
      }
    },
    {
      "type": "Feature",
      "properties": { "REGION": "Region III", "name": "Central Luzon" },
      "geometry": {
        "type": "Polygon",
        "coordinates": [[[120.2, 16.0], [121.5, 16.0], [121.5, 14.5], [120.2, 14.5], [120.2, 16.0]]]
      }
    },
    {
      "type": "Feature",
      "properties": { "REGION": "Region IV-A", "name": "CALABARZON" },
      "geometry": {
        "type": "Polygon",
        "coordinates": [[[120.5, 14.5], [122.0, 14.5], [122.0, 13.5], [120.5, 13.5], [120.5, 14.5]]]
      }
    },
    {
      "type": "Feature",
      "properties": { "REGION": "Region V", "name": "Bicol Region" },
      "geometry": {
        "type": "Polygon",
        "coordinates": [[[122.0, 14.0], [124.0, 14.0], [124.0, 12.0], [122.0, 12.0], [122.0, 14.0]]]
      }
    },
    {
      "type": "Feature",
      "properties": { "REGION": "Region VI", "name": "Western Visayas" },
      "geometry": {
        "type": "Polygon",
        "coordinates": [[[121.0, 11.5], [123.0, 11.5], [123.0, 9.5], [121.0, 9.5], [121.0, 11.5]]]
      }
    },
    {
      "type": "Feature",
      "properties": { "REGION": "Region VII", "name": "Central Visayas" },
      "geometry": {
        "type": "Polygon",
        "coordinates": [[[123.0, 11.0], [125.0, 11.0], [125.0, 9.0], [123.0, 9.0], [123.0, 11.0]]]
      }
    },
    {
      "type": "Feature",
      "properties": { "REGION": "Region VIII", "name": "Eastern Visayas" },
      "geometry": {
        "type": "Polygon",
        "coordinates": [[[124.5, 12.0], [126.0, 12.0], [126.0, 10.0], [124.5, 10.0], [124.5, 12.0]]]
      }
    },
    {
      "type": "Feature",
      "properties": { "REGION": "Region IX", "name": "Zamboanga Peninsula" },
      "geometry": {
        "type": "Polygon",
        "coordinates": [[[121.0, 8.5], [123.0, 8.5], [123.0, 6.5], [121.0, 6.5], [121.0, 8.5]]]
      }
    },
    {
      "type": "Feature",
      "properties": { "REGION": "Region X", "name": "Northern Mindanao" },
      "geometry": {
        "type": "Polygon",
        "coordinates": [[[123.0, 9.5], [125.0, 9.5], [125.0, 7.5], [123.0, 7.5], [123.0, 9.5]]]
      }
    },
    {
      "type": "Feature",
      "properties": { "REGION": "Region XI", "name": "Davao Region" },
      "geometry": {
        "type": "Polygon",
        "coordinates": [[[125.0, 8.0], [126.0, 8.0], [126.0, 6.0], [125.0, 6.0], [125.0, 8.0]]]
      }
    },
    {
      "type": "Feature",
      "properties": { "REGION": "Region XII", "name": "SOCCSKSARGEN" },
      "geometry": {
        "type": "Polygon",
        "coordinates": [[[124.0, 7.5], [125.5, 7.5], [125.5, 6.0], [124.0, 6.0], [124.0, 7.5]]]
      }
    },
    {
      "type": "Feature",
      "properties": { "REGION": "CARAGA", "name": "Caraga" },
      "geometry": {
        "type": "Polygon",
        "coordinates": [[[125.0, 9.5], [126.5, 9.5], [126.5, 8.0], [125.0, 8.0], [125.0, 9.5]]]
      }
    },
    {
      "type": "Feature",
      "properties": { "REGION": "BARMM", "name": "Bangsamoro Autonomous Region" },
      "geometry": {
        "type": "Polygon",
        "coordinates": [[[123.0, 7.5], [124.5, 7.5], [124.5, 5.0], [123.0, 5.0], [123.0, 7.5]]]
      }
    },
    {
      "type": "Feature",
      "properties": { "REGION": "CAR", "name": "Cordillera Administrative Region" },
      "geometry": {
        "type": "Polygon",
        "coordinates": [[[120.5, 18.0], [121.5, 18.0], [121.5, 16.5], [120.5, 16.5], [120.5, 18.0]]]
      }
    }
  ]
}
